{
  "version": "1.0",
  "defaultProvider": "cdnjs",
  "libraries": [
    {
      "library": "twitter-bootstrap@4.1.3",
      "destination": "wwwroot/lib/bootstrap",
      "files": [
        "js/bootstrap.min.js",
        "css/bootstrap.min.css"
      ]
    },
    {
      "library": "jquery@3.3.1",
      "destination": "wwwroot/lib/jquery",
      "files": [
        "jquery.min.js"
      ]
    },
    {
      "library": "font-awesome@4.7.0",
      "destination": "wwwroot/lib/font-awesome",
      "files": [
        "css/font-awesome.min.css",
        "fonts/fontawesome-webfont.eot",
        "fonts/fontawesome-webfont.svg",
        "fonts/fontawesome-webfont.ttf",
        "fonts/fontawesome-webfont.woff",
        "fonts/fontawesome-webfont.woff2",
        "fonts/FontAwesome.otf"
      ]
    }
  ]
}
